20th Century fox	الثعلب القرن العشرين
21st CENTURY	القرن ال 21
2K	2 ك
4gamers	4 لاعبين
5 Core	5 كور
505 Games	505 جيمز
70mai	70 ماي
8Bitdo	8 بيتدو
A&R Sports	ايه اند ار سبورتس
ABOF	ABOF
AC	تيار متردد
ACHAS	ACHAS
ACT-Labs	معامل ACT
ACTIONWARE	برنامج العمل
ADAM ELEMENTS	عناصر آدم
ADATA	ADATA
AEC	AEC
AIBIMY	AIBIMY
AILife	AILife
AIWANTO	AIWANTO
AKAI	AKAI
AKG	AKG
ALDO	ALDO
AMERTEER	امير
AMTCO	أمتكو
ANIQ	ANIQ
ANSELF	انسيلف
APEX	ذروة
AQUA LUNG	أكوا لونج
AQUA LUNG SPORT	أكوا لونج سبورت
ARES	آريس
ARLO	ARLO
ARMAND BASI	أرماند باسي
AROMA 24/7	AROMA 24/7
ARTC	ARTC
ARTLOOK	ARTLOOK
ASA	ك
ASTON	أستون
ASTRO	أسترو
ASUS	ASUS
ATOKIT	أتوكيت
ATOUCH	لمسة
AUXDIO	صوت
AVM	AVM
Acer	ايسر
Activision	أكتيفيجن
AiQURA	AiQURA
Ajazz	اجاز
Akai Professional	اكاي بروفيشنال
Al Fajr	الفجر
Alcatel	الكاتيل
Alctron	ألكترون
Alesis	اليسيس
Alice	أليس
Alienware	Alienware
AllCall	كل دعوة
Alliance Digital Media	تحالف الوسائط الرقمية
Alwan	الوان
Amal	أمل
Amazfit	أمازفيت
Anastasia Beverly Hills	أناستازيا بيفرلي هيلز
Anchor	مرساة
Andoer	أندوير
Andoer-2	Andoer-2
Angel city	مدينة الملاك
Angelcare	انجيل كير
Anker	أنكر
Annapurna Sales	مبيعات أنابورنا
Antari	عنتاري
AnyCast	اني كاست
Apogee	أوج
Apolena	أبولينا
Apple	تفاحة
Aqua	أكوا
Ariete	اريتي
Aroma	رائحة
Arozzi	اروزي
Arturia	أرتوريا
Asquare	مربع
Astrum	أستروم
At Games	في الألعاب
Athlete Home	منزل رياضي
Athletiq	أثليتيك
Atlus	أتلس
Audionic	أوديونك
Aukey	اوكي
Aural Dream	الحلم السمعي
Avalanche Studios	استوديوهات أفالانش
Awei	عوي
Axess	فأس
BABAZAM	بابازام
BAND-IT	الفرقة- IT
BG	BG
BIGBEN	ساعة بج بن
BITA	بيتا
BLACK+DECKER	بلاك + ديكر
BOBO VR	بوبو في آر
BOODUN	بودون
BOOMPODS	بومبودس
BOSS AUDIO SYSTEMS	أنظمة صوت بوس
BOUCHERON	بوشرون
BOURJOIS PARIS	برجوا باريس
BOUTIQNA	بوتقنة
BOYA	بويا
BRAVE SOUL	روح شجاع
BRS	BRS
BS	بكالوريوس
BTS	BTS
BUBM	BUBM
BURBERRY	بربري
BVLGARI	بولغري
BaByliss	بابيليس
Babybol	بيبي بول
Babysafe	بيبي سيف
BadLand Games	ألعاب BadLand
Bakhoor	بخور
Bandai Namco	بانداي نامكو
Bandridge	باندريدج
Bang & Olufsen	بانج & أمبير؛ أولفسن
Baofeng	باوفينج
Baroque	الباروك
Baseus	بيسوس
Bat	مضرب
Bavin	بافين
Baykron	بايرون
Beats	يدق
Beauenty	بيوينتي
Beauty	جمال
Bebi	بيبي
Behringer	بهرنجر
Belcat	بلكات
Belkin	بيلكين
BenQ	بينكيو
Bend Studio	استوديو بيند
Benks	مقاعد
Bepanthen	بيبانثين
Bergner	بيرجنر
Besiter	بيستر
Bestway	افضل طريقه
Bethesda	بيثيسدا
Big Ben	ساعة بج بن
Bigben Interactive	Bigben Interactive
Bison	الثور
Bissell	بيسيل
Bitty Boomers	بيتي بومرز
Biyang	بيانج
Blizzard Ent	عاصفة ثلجية قوية
Blooming Bath	بلومينج باث
Bloss	بلوس
BlueHole	ثقب الأزرق
Bluelans	بلولانز
Blusea	بلوز
Bobo	بوبو
Body Sculpture	نحت الجسم
Boom Box	صندوق بوم
Boomah Accessories	اكسسوارات بومة
Bose	بوس
Brand Charger	شاحن العلامة التجارية
Braun	براون
Brave	شجاع
Breeze	نسيم
Breville	بريفيل
Brilliant Skin Essentials	أساسيات البشرة الرائعة
Broadlink	برودلينك
Brookstone	بروكستون
Brother	شقيق
Bsnl	BSNL
Buck Commander	قائد باك
Budweiser	نوع من البيرة الأمريكية
Buffalo	الجاموس
Burt's Bees	النحل بيرت
C idea	فكرة ج
CALL IT SPRING	اتصل به الربيع
CALLTOUCH	اتصال
CAMSIR	الكامسير
CAROLINA HERRERA	كارولينا هيريرا
CARTIER	كارتييه
CASEMATIX	CASEMATIX
CD Baby	سي دي بيبي
CD Projekt	CD Projekt
CD Projekt Red	قرص مضغوط Projekt الأحمر
CHARGE	الشحنة
CHILDHOME	بيت الطفل
CHLOE	كلو
CHOPARD	شوبارد
CI Games	ألعاب CI
CIMC Ltd	CIMC المحدودة
CKY	CKY
COACH	مدرب رياضي
COLE HAAN	كول هان
CONVERSE	محادثة
COOLER MASTER	رئيس أكثر روعة
CRDC	CRDC
CREED	خلقت
CUVAVE	كوفيف
CYTHERIA	سيثيريا
CaTRIce	كاتريس
Cable Guys	شباب الكابلات
Cager	كاجر
Caline	كالين
Calvin Klein	كالفن كلاين
Calvin Klein Jeans	كالفن كلاين جينز
Camouflaj	التمويه
Canon	كانون
Capcom	كابكوم
Casio	كاسيو
Catcher	الماسك
Celebrat	احتفال
Cellairis	سليريس
Cellularline	سيلولارلاين
Cerave	سيراف
Championship Productions, Inc.	Championship Productions، Inc.
Charge 3	المسؤول 3
Cherub	الكروب
Chicco	شيكو
Childs Farm	مزرعة تشايلدز
China	الصين
China Made	صنع الصين
Chuku.me	Chuku.me
Cido	سيدو
City Interactive	مدينة التفاعلية
Clayton	كلايتون
Clearblue	كليربلو
Cleto	كليتو
Click N Pick	انقر فوق اختيار N
Clikon	كليكون
Clinique	كلينيك
Coco Desert	صحراء كوكو
Codemasters	كود ماسترز
Colorskin	كولورسكين
Comica	كوميكا
Cool Baby	طفل لطيف
CoolMUSIC	موسيقى رائعة
Coopic	كوبيك
Corsair	قرصان
Coteetci	كوتيتشي
Cougar	أسد امريكي
Coverking	كوفركينج
CozyTrix	كوزي تريكس
Creative	مبدع
Crep protect	حماية كريب
Crest	قمة
CronusMax	كرونوس ماكس
Crony	كروني
Crystal Digital	كريستال ديجيتال
Ctroniq	سيترونيك
Cuisinart	كويزينارت
CulCharge	كول تشارج
Cyber	الإلكترونية
Cyboris	سايبوريس
Cygnett	سيجنيت
D'Addario	داداريو
D'VOGUE	تصوّر
D-Link	دي لينك
DAR AL SALAM	دار السلام
DAR UL QALAM	دار القلم
DATA FROG	ضفدع البيانات
DAVIDOFF	دافيدوف
DAWSON SPORTS	رياضات داوسون
DBLEW	DBLEW
DELL	ديل
DISNEY	ديزني
DMK Power	DMK باور
DREAM GEAR	دريم جير
DSPPA	DSPPA
DTech	دي تك
DUBAI POLICE	شرطة دبي
DUMBO	دومبو
DUNLOP	دنلوب
DUO ER	DUO ER
DURACELL	دوراسيل
DaDa Home	DaDa الرئيسية
Dacom	داكوم
Dar Al Dawa	دار الدواء
Darkblue	أزرق غامق
Darul Qalam	دار القلم
Dashbon	داشبون
De'Longhi	ديلونجي
DeLonghi	ديلونجي
Deals for Less	صفقات بسعر أقل
Decdeal	ديديل
Deep Silver	الفضة العميقة
Deerma	ديرما
Dessini	ديسيني
Devialet	ديفيالت
Digitek	ديجيتك
Dior	ديور
Dirkje	ديركجي
Divoom	ديفووم
Dobe	دوبي
Docooler	دوكولر
Dolce & Gabbana	دولتشي غابانا
Doo Deen	دو دين
Doss	دوس
Dotz	دوتز
Double	مزدوج
Douself	دوسيلف
Dove	حمامة
DreamGear	دريم جير
Dune London	ديون لندن
Dunhill	دانهيل
Durex	ديوركس
Dynacord	دايناكورد
Dyson	دايسون
E-world	العالم الإلكتروني
EA	EA
EA7 Emporio Armani	EA7 إمبوريو أرماني
EDIFIER	محرر
EHOME	EHOME
ELEKTA	إليكتا
EMPORIO ARMANI	إمبوريو أرماني
ENACFIRE	التمكين
ENERGEA	الطاقة
ENHANCE	تحسين
ESET	إسيت
ESYWEN	إيسوين
ETUDE HOUSE	إتود هاوس
EUME	الاتحاد الأوروبي لي
EWA	EWA
Earldom	إيرلدوم
East Lady	سيدة الشرق
EastPoint Sports	ايست بوينت سبورتس
Eazy Kids	إيزي كيدز
Egyptian Magic	السحر المصري
Elgato	Elgato
Elizabeth Arden	إليزابيث أردن
Emarth	إمارث
Emfil	امفيل
Emporia	إمبوريا
Endura	إندورا
Energizer	إنرجايزر
Energy Sistem	نظام الطاقة
Enet	Enet
Eno	إينو
Epad	إيباد
Epic Games	ألعاب ملحمية
Epiphone	Epiphone
Equantu	إيكوانتو
Erborian	أربوريان
Ernie Ball	إرني بول
Esonmus	Esonmus
Essential	أساسى
Eva	إيفا
Event	حدث
Everrich	إيفريتش
Everyy	كل
Evolution Studios	استوديوهات التطور
Exceed	يزيد عن
Exquisite	رائع
FED	تغذيها
FESTNIGHT	ليلة العيد
FIFINE	فيفين
FLEOR	فليور
FLIGHT	طيران
FORMULER	فورمولر
FR-TEC	FR-TEC
FRIEET	مقلاة
Fabienne	فابيين
Fabindia	فابينديا
Fackelmann	فاكيلمان
Fakir	فقير
Falcon Eyes	عيون الصقر
Fallen Fruits	الفاكهة المتساقطة
Fam	مألوف
Farlin	فارلين
Fat Cat	قط سمين
Feelings	مشاعر
Fender	درابزين
Ferrari	فيراري
Fibrum	ليف
Fine Baby	طفل سليم
Fissman	فيسمان
Fitness	اللياقة البدنية
Flanger	فلانجر
Flash Hawk	فلاش هوك
Flatsons	فلاتسونز
Flexy	مرن
FlyDigi	فلاي ديجي
Focus Home Int.	التركيز على الصفحة الرئيسية
Focus Home Interactive	التركيز على الصفحة الرئيسية التفاعلية
Focus Multimedia	التركيز على الوسائط المتعددة
Forever	إلى الأبد
Forever52	إلى الأبد 52
Fosmon	فوسمون
FouceClaus	فوس كلاوس
Foxcon	فوكسكون
Franklin Sports	فرانكلين سبورتس
Franz Sandner	فرانز ساندنر
FridaBaby	فريدا بيبي
Frigidaire	فريجيدير
FromSoftware	FromSoftware
Frontier	حدود
Fujifilm	فوجي فيلم
Fun	مرح
Fun Box Media	فن بوكس ميديا
Fzone	Fzone
G-Tab	جي تاب
GAGGIA	GAGGIA
GARNIER	غارنييه
GASTROBACK	جستروباك
GECKO	وزغة
GEN GAME	لعبة GEN
GENELEC	GENELEC
GHOSPELL	جوسبل
GIORGIO ARMANI	جورجيو أرماني
GOOTOY	GOOTOY
GPD	GPD
GPO Retro	ريترو GPO
GRACO	جراكو
GT Omega	أوميغا GT
GTIPPOR	GTIPPOR
GUB	GUB
GUCCI	غوتشي
GUESS	خمن
Game Arts	فنون اللعبة
Game Trust	لعبة الثقة
GameSir	غامسير
Gamertek	جامرتيك
Geekay games	ألعاب جيكاي
Geepas	جيباس
Generic	نوعي
Givenchy	جيفنشي
Glasslock	جلاسلوك
Glorious	المجيد
GoPro	GoPro
Godox	جودوكس
Goldedge	غولديدج
Google	جوجل
Goui	قوي
Greadio	جراديو
Green Wealth	الثروة الخضراء
Gretsch	جريتش
Guerrilla	حرب العصابات
Gulikit	جوليكيت
Gun Media	غون ميديا
HAVIT	هافيت
HEIST Sports	HEIST الرياضة
HIKVISION	هيكفيجن
HITACHI	هيتاشي
HITSAN INCORPORATION	شركة هيتان
HOMEBOX	هوم بوكس
HOPESTAR	هوبستر
HTC	HTC
HUAWEI	هواوي
HUGO BOSS	هوغو بوس
HXSJ	HXSJ
HYPERICE	فرط
HYX	HYX
Hala	هاله
Handaiyan	هانديان
Harman Kardon	هارمان كاردون
Harmony	انسجام
Harrows	أمشاط
Hasbro	هاسبرو
Haylou	هايلو
Hello Games	مرحبا العاب
Hema	هيما
Heng Fang	هنغ فانغ
Hercules	هرقل
Herschel	هيرشل
Hilitand	هيليتاند
Himalaya	هيمالايا
Himalaya Herbals	هيمالايا هيربلز
Hisense	هيسنس
Hitatech	هيتاتك
Hitopin	هيتوبين
Hoco	هوكو
Hohner	هوهنر
Home Brew Ohio	الصفحة الرئيسية المشروب أوهايو
Honor	شرف
Hoover	هوفر
Hori	هوري
Hotpack	حزمة الساخنة
House Of Marley	بيت مارلي
Housemarque	هووزمارك
HuHa	هوا
Huangguan	هوانغوان
Hunterspider	الصياد
HyperGear	هايبر جير
Hyperx	هايبر إكس
I Sports	أنا الرياضة
I.R.I.S.	قزحية.
ICONFLANG	ICONFLANG
IKU	IKU
IMAGE ENT.	IMAGE ENT.
IQ	معدل الذكاء
IQ TOUCH	IQ Touch
IRIN	إيرين
Ibanez	ايبانيز
Iconix	ايكونيكس
Idigix	إيديجيكس
Idmix	Idmix
Impex	إمبكس
Inder	اندر
InnJoo	إنجو
Insomniac	بالأرق
Insomniac Games	ألعاب Insomniac
Inspire	يلهم
Intag	انتاج
Intex	انتكس
Introversion Software	برامج الانطواء
Ion Audio	صوت ايون
Ipega	ابيجا
J&J	J&J
J-Tech Digital	J-Tech Digital
JACK & JONES	جاك جونز
JAGUAR	جاكوار
JANSPORT	جانسبورت
JAYJUN	جايجون
JBL	JBL
JETTOM	جيتوم
JLW	JLW
JOBE	الوظيفة
JORDAN	الأردن
JOVAN	جوفان
JOWAY	جوواي
JOYO	جويو
Jabra	جبرا
Jacqueline de Yong	جاكلين دي يونج
Jam Audio	مربى الصوت
Japan Studio	استوديو اليابان
Jetech	جيتك
Jinou	جينو
Jinyu	جينيو
Joerex	جوريكس
Johnson's	جونسون
Joycare	جوي كير
Joyroom	جوي روم
Joyway	جويواي
Juice up	اعصر
Juicy Couture	جوسي كوتور
Jumpsy	القفزات
Jusinhel	جوسينهيل
K&F Concept	مفهوم K&F
KAI	KAI
KENDALL + KYLIE	كيندال + كايلي
KIKKERLAND	KIKKERLAND
KIMI	كيمي
KINGLAKE	كينجليك
KINGSTON	كينجستون
KISS	قبلة
KIT	عدة
KKmoon	KKmoon
KOKKO	كوكو
KONIX	كونيكس
KOTION EACH	كوتيون كل
KOTON	كوتون
KRYPTON	كريبتون
KT	KT
Kaku	كاكو
Kalypso	كاليبسو
Karson	كارسون
Kaspersky	كاسبيرسكي
Kazoo	كازو
Kef	الكاف
Kenneth Cole	كينيث كول
Kenwood	كينوود
Khanka	الخانكة
Kicker	كيكر
Kingstore	Kingstore
Kisonli	كيسونلي
Kit Sound	كيت الصوت
Klei	كلاي
Klein Tools	أدوات كلاين
Knight	فارس
Koch Media	كوتش ميديا
Koei Tecmo	كوي تيكمو
Konami	كونامي
Konig & Meyer	كونيج وماير
KontrolFreek	كونترول
Koolertron	كوليترون
Korg	كورج
Kungber	كونغبر
Kutahya	كوتاهيا
Kutis	كوتيس
Kyser	كيسر
L'CHEAR	لشير
L'Oreal Paris	L 'أوريل باريس
L'Oréal Professionnel	لوريال بروفسيونال
LA ROCHE-POSAY	لاروش بوزيه
LABRADA	لابرادا
LACOSTE	لاكوست
LADE	سيدة
LAND ROVER	لاند روفر
LAS	جامعة الدول العربية
LAUT	LAUT
LAV	لاف
LC WAIKIKI	LC WAIKIKI
LDNIO	LDNIO
LEAD	قيادة
LEGO	العاب تركيب
LENOSED	لينوسيد
LENRUE	لينرو
LESHP	ليشب
LG	ال جي
LINKCOMN	LINKCOMN
LIXADA	ليكسادا
LNKOO	LNKOO
LOGIIX	LOGIIX
LP	LP
LTD	المحدودة
LUCKIES OF LONDON	حظوظ لندن
LW	LW
La Bella	لا بيلا
Lannge	لانج
Lanzar	لانزار
Laperva	لابيرفا
Lattafa	لطافة
Lava	حمم بركانية
Leijiaer	ليجير
Lememogo	ليموغو
Lenovo	لينوفو
Leto	ليتو
Li Ying	لي ينغ
Lifeline	شريان الحياة
Linksys	لينكسيس
Little Orbit	المدار الصغير
Lofree	لوفري
Logitech	لوجيتك
Lollipop	مصاصة
LuguLake	لوغو ليك
Luminarc	لومينارك
Lyle & Scott	لايل وسكوت
M-Audio	M- الصوت
M.A.C	ماك
M.Asam	م
MAANGE	MAANGE
MALUNI	مالوني
MANGO	مانجو
MARGOUN	مارجون
MARVEL	أعجوبة
MASTERPLUG	ماستربلوج
MATRIX	مصفوفة
MAYBELLINE NEW YORK	مايبيلين نيويورك
MBI	MBI
MDK	MDK
MEE Audio	صوت MEE
MEGGO	MEGGO
MI	MI
MICROIDS	ميكرويدز
MIJIA	MIJIA
MIKE	مايك
MINIONS	مينيونز
MIRUN	ميرون
MM	مم
MOCUTE	صوت
MODUS	MODUS
MOGOO	موجو
MOJANG	موجانج
MONOLITH	مونوليث
MONTALE	مونتال
MONTBLANC	الجبل الاسود
MSI	MSI
MSQ	MSQ
MXQ Pro	MXQ Pro
MYCANDY	حلواي
MYMI	MYMI
Mackie	ماكي
Maestro	فنان قائد فرقة موسيقية
MageGee	ماججي
Magic	سحر
Magic Bullet	رصاصة سحرية
Magic Star	ماجيك ستار
MagicStar	ماجيك ستار
Mahalo	ماهالو
MaikcQ	MaikcQ
Makala	ماكالا
MakeUp for You	مكياج لك
Mancera	مانسيرا
Manzanilla	مانزانيلا
Marshal Fitness	مارشال فيتنيس
Marshall	مارشال
Maserati	مازيراتي
Mastela	ماستيلا
Mastiff	كلب الدرواس
Mavala	مافالا
Max Strength	قوة قصوى
Maxi-Cosi	ماكسي كوزي
Maximum Games	أقصى عدد من الألعاب
McAfee	مكافي
Medela	ميديلا
Medeli	ميديلي
MediaCom	ميديا كوم
Megarya	ميغاريا
Meideal	ميدل
Memo	مذكرة
Memorii	ميموري
Merge Games	دمج الألعاب
Merlin	ميرلين
MiDiPLUS	MiDiPLUS
MiLi	ميلي
MiOne	MiOne
MiPow	MiPow
Microsoft	مايكروسوفت
Mifan	ميفان
Mikasa	ميكاسا
Mike Music	مايك ميوزيك
Milestone	منعطف
Minix	مينيكس
Miseyaichi	ميسيايتشي
Miss Chase	ملكة جمال تشيس
Mitsubishi	ميتسوبيشي
Moigus	ميجوس
Mojipower	موجيبور
Momax	موماكس
Monster	مسخ
Mooer	Mooer
Moshi	موشي
Mosky	موسكي
Motim	موتيم
Motorola	موتورولا
Mtone	Mtone
Mukul Goyal	موكول جويال
Mumian	موميان
MuscleTech	مسل تك
Musedo	موسيدو
Muslady	مسلادي
Musou	Musou
Muspor	Muspor
Muvit	موفيت
Muzen	موزين
Muzz	مزز
My Arcade	أركيد بلدي
NALU	NALU
NARCISO RODRIGUEZ	نارسيسو رودريغيز
NESPRESSO	نسبرسو
NEW LOOK	مظهر جديد
NIKAI	نيكاي
NINE WEST	تسعة غرب
NIS America	NIS أمريكا
NKR	NKR
NKX	NKX
NOMAD	نوماد
NOVA	نوفا
NPET	NPET
NUX	NUX
NYX Professional Makeup	NYX Professional Makeup
NZXT	NZXT
Nacon	ناكون
Namco	نامكو
Naomi	نعومي
Natsume	ناتسومه
Naty	ناتي
Naughty Dog	كلب مطيع
Nby	نبي
Nektar	نيكتار
Neotex	نيوتكس
Nescafe	نسكافيه
Netac	نيتاك
New Balance	الرصيد الجديد
New Rixing	ريكسينغ جديد
NewRixing	جديد
Nicalis	نيكاليس
Nighthawk Interactive	Nighthawk التفاعلية
Nike	نايك
Nillkin	نيلكين
NineBot	ناينبوت
Nintendo	نينتندو
Nisha	نيشا
Nivea	نيفيا
Niya	نيا
Nobel	نوبل
Nokia	نوكيا
Nordic	الشمال
Norton	نورتون
Now Foods	الآن الأطعمة
Nubia	النوبة
Nussh	نوش
NutriBullet	نيوتريبوليت
NutriCook	نيوتريكوك
Nyko	نيكو
O General	يا عام
O Ozone	يا الأوزون
OCEAN GLASSES	نظارات المحيط
OFRA	أوفرا
OHPA	OHPA
OLIITEK	OLIITEK
ONEDER	واحد
ONLY	فقط
OPPO	ممن لهم
ORCA	أوركا
OTVO	OTVO
OUTAD	أوتاد
Obsidian	سبج
Ocean	محيط
Oculus	كوة
Oivo	أويفو
Okteq	أختك
Olaplex	Olaplex
Olimp	أوليمب
Olsenmark	أولسنمارك
OnePlus	ون بلس
Oneadaptr	أونيدابتر
Only Carmakoma	فقط كارماكوما
Optimum Nutrition	التغذية المثلى
Orange Music	موسيقى أورانج
Orion	اوريون
Orphee	أورفي
Orzly	أورزلي
Outright Games	ألعاب أوترايت
Oximeter	مقياس التأكسج
Ozone	الأوزون
PACO RABANNE	باكو رابان
PALLADIUM	البلاديوم
PAN emirates	طيران الإمارات
PATRIOT	باتريوت
PDP	PDP
PGM	PGM
PGT PROXIMA	PGT PROXIMA
PHANTOM	شبح
PLAY	لعب
PNY	PNY
PQUBE	PQUBE
PREMAX	بريماكس
PRODA	برودا
PS4	PS4
PUBG Corp	شركة PUBG
PUMA	بوما
PUNK	فاسق
PURIDEA	نقية
PURO	بورو
Paladone	بالادون
Pampers	بامبرز
Panasonic	باناسونيك
Paradox	المفارقة
Parlane	بارلين
Pavillo	بافيلو
Perfii	بيرفي
Petite Amie Skincare	العناية بالبشرة Petite Amie
Philips	فيليبس
Philips Avent	فيليبس افينت
Phonesuit	Phoneuit
Pioneer	رائد
Pioneer DJ	بايونير دي جي
Pioneer Photo Albums	ألبومات صور بايونير
Pirastro	بيراسترو
PlayStation	بلاي ستيشن
Playseat	كرسي اللعب
Plug & Play	وصل والعب
Polyphony Digital	تعدد الأصوات الرقمية
Pool	تجمع
PopCap Games	ألعاب PopCap
Populele	بوبوليلي
Pordo	بوردو
Porodo	بوردو
PowerA	القوة
PowerMax	أقصى القوة
Powerology	باورولوجي
Powkiddy	بوكيدي
Praktica	براكتيكا
Premify	بريميفي
Presonus	بريسنوس
Prestige	هيبة
Proel	برويل
Promate	بروميت
Proxima	بروكسيما
Puls Nutrition	تغذية النبض
Pvp	حماية الأصناف النباتية
Pyle	بايل
Pyramid	هرم
Q7	س 7
QCY	QCY
QI MEI	QI MEI
QIMEI	QIMEI
QiaoKai	كياوكاي
Quantic Dream	كوانتيك دريم
Qupid	كيوبد
R&B	آر أند بي
RAHA	راها
RAJ	راج
RDS	RDS
REAL STAR	نجم حقيقي
REAL TECHNIQUES	تقنيات حقيقية
REDRAGON	ريدراجون
REGAL IN HOUSE	ريجال في المنزل
REGENT	ريجنت
REMAX	ريماكس
RII	RII
RIMMEL LONDON	ريميل لندن
RIVERSONG	أغنية النهر
RLSOCO	RLSOCO
ROCCAT	روكات
RODE	رود
ROLAND	رولاند
ROVIO	روفيو
ROYALFORD	رويال فورد
RREAKA	أ
RUKINI	روكيني
RVVIVA	RVVIVA
Rasasi	الرصاصي
RavPower	راف باور
Razer	الماسح
Razor	موس الحلاقة
Ready at Dawn	جاهز عند الفجر
Rebellion Developments	تطورات التمرد
Rebune	ريبون
Recharge	تعبئة رصيد
Reebok	ريبوك
Rekome	Rekome
Remax Proda	ريماكس برودا
Remson	رمسون
Remy Marquis	ريمي ماركيز
Retro	ريترو
Revlon	ريفلون
Revoflex	ريفوفليكس
Revolution	ثورة
Ringke	رينجكي
RivaCase	ريفاكس
RivaPower	ريفا باور
Roberto	روبرتو
Roberto Cavalli	روبرتو كافالي
Rock	صخر
Rock Pow	روك باو
Rockford Fosgate	روكفورد فوسجيت
Rockhouse	روكهاوس
Rockstar Games	ألعاب روك
Rohs	بنفايات
Rolton	رولتون
Roma Italy	روما ايطاليا
Romoss	روموس
Rondaful	روندفول
Rosewill	روزويل
Rowin	روين
Royal Polar	رويال بولار
Rubik	روبيك
RunSnail	RunSnail
Runtastic	رونتستيك
Russell Hobbs	راسل هوبز
Russian Bear	الدب الروسي
S-Color	S- لون
S.M.S.L	إس إم إس إل
S.T.Dupont	إس تي دوبونت
SADA	صدى
SAKAR	صقر
SAMDI	سامدي
SANNO	سانو
SANTHOME	سانثوم
SAPU	سابو
SATLINK	ساتلينك
SBS	SBS
SCEA	SCEA
SCEE	SCEE
SDRD	SDRD
SEGWAY	سيجواي
SEKONIC	سيكونيك
SELECTED	المحدد
SHARP	حاد
SIEE	SIEE
SIEMENS	سيمنز
SINOBAND	سينوباند
SKECHERS	سكيتشرز
SKROSS	سكروس
SKY-TOUCH	سكاي تاتش
SLADE	سليد
SLYDES	شرائح
SMILEE	ابتسامة
SNH PACKing	التعبئة SNH
SNK	SNK
SODO	القيام بذلك
SOL	سول
SOMEBYMI	سومبي
SONASHI	سوناشي
SONDPEX	SONDPEX
SOWUGI	سووجي
SPALDING	تشقق
SPORTS RESEARCH	بحث رياضي
SQDeal	SQDeal
SS	SS
STATE 8	الولاية 8
STELLA MCCARTNEY	ستيلا مكارتني
STEVE MADDEN	ستيف مادن
SUAVINEX	سوفينكس
SUMLINK	تلخيص
SUNDUS	سندس
SUNRISE	شروق الشمس
SUP	رشفة
SUPERMAN	سوبرمان
SWATER	سواتر
SWIFF	سويف
SWISS MILITARY	الجيش السويسري
SWITCH 0	التبديل 0
Saachi	ساتشي
Saber Interactive	صابر التفاعلية
Sabr	صبر
Sades	حزين
Safety 1st	السلامة أولا
Salla	سلا
Sally Hansen	سالي هانسن
Samawa	السماوة
Samsung	سامسونج
SanDisk	سانديسك
Sandberg	ساندبرج
Sanford	سانفورد
Sanita Matwiya	سانيتا مطوية
Sanwu	سانو
Sardine	سمك السردين
Sass & Belle	ساس وبيل
Schecter	شيكتر
Seagate	سيجيت
Sebamed	سيباميد
Sega	سيجا
Semtoni	سيمتوني
Sennheiser	سنهيسر
Serax	سيراكس
SereneLife	SereneLife
Set	جلس
Sharkoon	شاركون
Sharpdo	شاربدو
Shemaroo	شيمارو
Shuer	شوير
Si FASHION GALERIE	Si FASHION GALERIE
Sigma Beauty	سيجما بيوتي
Simba	سيمبا
SiriusXM	SiriusXM
Siruiku	سيرويكو
Sivvi x D'Atelier	Sivvi x D'Atelier
Skip Hop	تخطي هوب
Skullcandy	حلوى جمجمة
SkyLand	سكاي لاند
Smalody	سمالودي
Smaody	سمودي
Smart 2030	سمارت 2030
Smart Berry	سمارت بيري
Snakebyte	Snakebyte
Soedesco	سويديسكو
Sold Out	نفذ
Some by Mi	بعض من مي
Sonos	سونوس
Sony	سوني
Soul	روح
Sound Storm Laboratories	مختبرات الصوت العاصفة
SoundPEATS	SoundPEATS
Soundcore	ساوند كور
Spall	شظية
Sparnod Fitness	سبارنود للياقة البدنية
Spectrasonics	الطيف
Spielen	سبيلن
Spigen	سبيجن
Spike Chunsoft	سبايك تشونسوفت
Square Enix	سكوير انيكس
St	شارع
StarSat	ستارسات
Stealth	خلسة
Steiner	شتاينر
Stentor	ستينتور
Straye	ضالة
Studio Wildcard	استوديو وايلدكارد
Sucker Punch	لكمة مصاصة
Sudocrem	سودوكريم
Sunfuny	Sunfuny
Sunhome	سونهوم
Sunveno	سن فينو
Super-G	سوبر جي
Sure	بالتأكيد
Suzuki	سوزوكي
Swan	بجعة
Sweet Sweat	العرق الحلو
Swisspresso	سويسبريسو
Switch	يحول
Symphonized	سمفوني
Syntus	سينتوس
System 3	النظام 3
T&G	تي أند جي
T-DAGGER	T-DAGGER
TA SPORT	تا سبورت
TAGTech	تاج تك
TAI-WANG	تاي وانغ
TAKE2	خذ 2
TAKSTAR	TAKSTAR
TALIONA	تاليونا
TAMPROAD	تامبرود
TC HELICON	TC HELICON
TCL	TCL
TD HOME	TD الصفحة الرئيسية
TECNO	TECNO
TECTINTER	TECTINTER
TENMOS	تينموس
TG	تيراغرام
TG113	TG113
THE FACE SHOP	واجهة المحل
THQ	THQ
THQ Nordic	THQ الشمال
TNP Products	منتجات TNP
TOKQI	توكي
TOM	توم
TOM FORD	توم فورد
TOMMY HILFIGER	تومي هيلفيغر
TOMO	تومو
TOMS	تومز
TOMSHOO	تومشو
TOOARTS	أقطاب
TOUCHMATE	تاتش مات
TP-LINK	تي بي لينك
TP-WIRELESS	TP-WIRELESS
TPAD	TPAD
TRANYOO	TRANYOO
TRIP TOOLS	أدوات الرحلة
TRUSSARDI	تروساردي
TRX	TRX
TRX TRAVELSTYLE	TRX TRAVELSTYLE
TT Games	ألعاب TT
Ta sports	تا سبورتس
Takamine	تاكامين
Take Two	خذ اثنين
Tama	تاما
Team 17	الفريق 17
Team Ninja	فريق النينجا
Team6 Game Studios	Team6 Game Studios
Tefal	تيفال
Telionix	تيليونيكس
Telltale Games	ألعاب Telltale
Tennex	تينيكس
Teso	تيسو
The Athlete Foot	القدم الرياضي
The First Years	السنوات الأولى
The Natural Family Co.	شركة العائلة الطبيعية
The Ordinary	العادي
Theater Solutions	حلول المسرح
Thermaltake	ثرمالتاكي
Thi EYE	ثي إي
Thonet & Vander	ثونيت وفاندر
Thrustmaster	Thrustmaster
Thumbs UP	ممتاز
Tilawat	تلاوات
Timelike	في الوقت المناسب
Tinhu	تينهو
Tokyosat	توكيوسات
Tommy Jeans	تومي جينز
Tomtop	توم توب
Toreto	توريتو
Toshiba	توشيبا
Toshionics	توشيونكس
Toshonics	Toshonics
Totulife	توتولايف
Tovaste	توفاستي
Toyshine	تويشاين
Trademark Innovations	ابتكارات العلامات التجارية
Trands	تراندز
Tribe	قبيلة
Tribit	ترايب
Trigger Point	نقطة الاشتعال او لحظة الاشتعال
Tronsmart	ترونسمارت
Tru Blu	ترو بلو
Turtle Beach	شاطئ السلاحف
Turtle Brand	ماركة السلحفاة
Twinote	توينوتي
Twins Special	التوائم الخاصة
Typo	خطأ مطبعي
U & I ENTERTAINMENT	U & I الترفيه
U-HOOME	U-HOOME
UGREEN	يوجرين
UK PLUS	المملكة المتحدة بلس
UKPlus	UKPlus
UNDER ARMOUR	تحت الدرع
UNICORN	وحيد القرن
UPTEN	UPTEN
Ubisoft	يوبيسوفت
Ultimate Ears	آذان مطلقة
Umiwin	أوميوين
Uniq	يونيك
Unity Games	ألعاب الوحدة
Universal Studios	استديوهات عالمية
Usams	يوسامس
VALENCIA	فالنسيا
VANS	شاحنات
VEGAR	نباتي
VEIDADZ	فيدادز
VERO MODA	فيرو مودا
VERSACE	فيرساتشي
VERTECHnk	فيرتيشنك
VERTUX	فيرتوكس
VIGA	فيجا
VIKUSHA	فيكوشا
VILTROX	فيلتروكس
VINEX	فينكس
VINOD	فينود
VINSOC	VINSOC
VR Box	VR Box
VRPARK	VRPARK
VTX	VTX
Vango	فانغو
Veger	فيجر
Vellato	فيلاتو
Venom	السم
Verona	فيرونا
Veronica	فيرونيكا
Vichy	فيشي
Vicks	فيكس
Vigrand	فيغراند
Vitacelli	فيتاشيلي
Viva Madrid	فيفا مدريد
Voberry	فوبيري
WAHL	WAHL
WB Games	ألعاب WB
WD	WD
WEIKING	الوزن
WEISRE	وايزر
WICKED AUDIO	صوت شرير
WINJOIN	WINJOIN
WIOR	WIOR
WIWU	WIWU
WK	WK
WK DESIGN	تصميم WK
WOODIE MILANO	وودي ميلانو
WORLDE	العالم
WST	WST
WSTER	غرب
WUW	WUW
WYSADA	ويسادا
Wackylicious	أحمق
Walter.t	والتر
WaterWipes	ووتر وايبس
Weber	ويبر
Whitmor	ويتمور
Winmax	وينماكس
Winsor	وينسور
Wintouch	وينتتش
Wireless Powerbank	باور بانك لاسلكي
Witforms	ويتفورمز
Wonder Woman	إمراة رائعة
X.Cell	X. الخلية
Xbox	اكس بوكس
Xcell	اكس سيل
Xiaomi	شاومى
Xoopar	Xoopar
Xpower	اكس باور
Xqisit	Xqisit
Xvive	الخامس عشر
Y&D	Y&D
YAEL	ياعيل
YAMAHA	ياماها
YCCTEAM	يكتيام
YOGEE	اليوجي
YORK FITNESS	لياقة يورك
YUIN	يوين
Yalla Protein	يلا بروتين
Yonex	يونيكس
Yoobao	يوباو
Yumi	يومي
Yunteng	يونتينج
YupFun	نعم
ZENHOME	زينهوم
ZHUSE	ZHUSE
ZIKO	زيكو
ZMI	ZMI
ZOGGS	ZOGGS
ZTTO	ZTTO
Zacurate	زاكورات
Zealot	متعصب
Zendure	زندور
Zenmarkt	زينماركت
Zhiyun	Zhiyun
Zildjian	زيلدجيان
Zoo Tunes	نغمات حديقة الحيوان
Zooka	زوكا
Zoom	تكبير
Zoook	زوك
Zoot	زوت
Zyna Fashion	أزياء زينة
aardee	أردي
adidas	شركة اديداس
adidas Originals	اديداس اوريجينالز
always	دائما
ametoys	أميتويز
ammoon	عمون
apeks	القرود
baby plus	بيبي بلس
babytrend	بيبي تريند
belecoo	بيلكو
bugaboo	بوجابو
by Microsoft	بواسطة Microsoft
chi chi london	تشي تشي لندن
choifoo	شويفو
cool & cool	رائع رائع
discover	يكتشف
dodocool	دودوكول
eKids	eKids
elexon	إليكسون
enter Go	أدخل Go
enya	إنيا
essence	جوهر
eton	إتون
eufy	يوفي
evvoli	ايفولي
fashionhome	أزياء
feelfree	خذ راحتك
fishman	فيشمان
fitbit	فيتبيت
gearbox	ناقل الحركة
giftology	جيفتولوجي
globaldesi	جلوبالديسي
gosh	يا الهي
hauck	هوك
havaianas	هافياناس
hohem	هوهم
horze	هورز
hp	حصان
i-Life	أنا أعيش
iBest	أفضل
iFox Creations	إبداعات iFox
iHome	iHome
iKANOO	iKANOO
iKova	ايكوفا
iLife	أنا أعيش
iLive	أعيش
iPower	السلطة ط
iSAFE	آي سيف
iSONIC	iSONIC
iTouch	اناالمس
iWalk	امشى
ikayaa	إيكايا
imation	تقليد
inart	في الفن
keeeper	كيبر
keendex	كيندكس
lizimandu	ليزيماندو
milano	ميلانو
modio	وضع
molten	منصهر
mophie	موفي
naim	نعيم
nan	نان
noon east	شرق الظهر
onikuma	أونيكوما
optitect	البصريات
pigeon	حمامة
power beam	شعاع الطاقة
realme	واقعي انا
rolita	روليتا
royal mark	العلامة الملكية
sector9	القطاع 9
shAyzee	shAyzee
shoexpress	شو اكسبرس
solo	منفرد
speedo	سبيدو
steelseries	فولاذ
steri-bottle	زجاجة ستيري
summer infant	رضيع الصيف
tasker	تاسكر
the body shop	بودي شوب
theBalm	ذا بالم
tommee tippee	تومي تيبي
trendyol	ترينديول
trvaago	ترفاغو
ulanzi	أولانزي
urbn	urbn
uxcell	uxcell
vivo	فيفو
xtrike-me	xtrike- لي
zeru	زيرو
